"idBank";"Dernière mise à jour";"Puissance";"Sexe";"Périodicité";"Nature";"Indicateur";"Zone géographique";"Unité";"Âge";"Correction";"Catalogue d'indicateurs démographiques"
"000436394";"24/04/2020 03:35";"0";"Ensemble";"Mensuelle";"Valeur absolue";"Nombre de décès";"France métropolitaine";"individus";"Sans objet";"Non corrigé";"Décès de tous âges"
""
"Codes"
""
"Q";"Couvert par le secret statistique"
"E";"Estimation"
"F";"Prévision"
"P";"Provisoire"
"SD";"Valeur semi-définitive"
"R";"Révision"
"A";"Valeur normale"
"N";"Valeur non significative"
"O";"Valeur manquante"
"U";"Valeur atypique"
